group,trades,win_rate,ko_rate,total_pnl,avg_pnl,roi_pct,avg_days,profit_factor,max_consec_wins,max_consec_losses,best_trade,worst_trade
Healthy Expansion,306,35.294117647058826,0.0,-68.33000000000001,-0.22330065359477128,-0.044660130718954257,1.0,0.4362211221122112,6,12,2.25,-2.87
Expansion,97,26.804123711340207,0.0,-28.799999999999997,-0.2969072164948453,-0.059381443298969064,1.0,0.37864077669902907,4,17,2.38,-2.41
