group,trades,win_rate,ko_rate,total_pnl,avg_pnl,roi_pct,avg_days,profit_factor,max_consec_wins,max_consec_losses,best_trade,worst_trade
Healthy Expansion,521,31.861804222648754,0.0,-141.59,-0.2717658349328215,-0.0543531669865643,1.0,0.37814572444990996,6,15,4.63,-2.97
Expansion,205,23.902439024390244,0.0,-74.30000000000001,-0.36243902439024395,-0.07248780487804879,1.0,0.2889952153110048,5,19,2.38,-2.57
