group,trades,win_rate,ko_rate,total_pnl,avg_pnl,roi_pct,avg_days,profit_factor,max_consec_wins,max_consec_losses,best_trade,worst_trade
Stress Rising,1463,46.13807245386193,3.417634996582365,12592.200000000003,8.607108680792892,1.7214217361585786,1.5105946684894054,1.1517356294470413,9,10,1426.55,-500.0
Healthy Expansion,3961,48.27063872759404,5.88235294117647,31944.329999999994,8.064713456197929,1.6129426912395854,1.7803584953294622,1.098369695573511,9,12,2155.92,-500.0
Expansion,7800,44.12820512820513,4.743589743589744,-77103.86,-9.885110256410256,-1.9770220512820513,1.6905128205128206,0.8752686664967753,14,15,1788.97,-500.0
Vol Spike,218,41.284403669724774,2.293577981651376,-3705.0099999999993,-16.995458715596328,-3.3990917431192655,1.426605504587156,0.6931709393498718,7,13,979.73,-500.0
