group,trades,win_rate,ko_rate,total_pnl,avg_pnl,roi_pct,avg_days,profit_factor,max_consec_wins,max_consec_losses,best_trade,worst_trade
Healthy Expansion,521,31.861804222648754,0.0,-141.58999999999997,-0.27176583493282147,-0.05435316698656428,1.0,0.37814572444990996,6,13,4.63,-2.97
Expansion,667,24.587706146926536,0.0,-224.52,-0.3366116941529236,-0.06732233883058471,1.0,0.31976004362843125,4,26,4.58,-5.2
