group,trades,win_rate,ko_rate,total_pnl,avg_pnl,roi_pct,avg_days,profit_factor,max_consec_wins,max_consec_losses,best_trade,worst_trade
Stress Rising,1471,46.15907545887152,3.467029231815092,12234.640000000003,8.31722637661455,1.66344527532291,1.51393609789259,1.145829134240532,9,10,1426.55,-500.0
Healthy Expansion,4073,48.12177755953842,5.867910630984532,32805.76999999999,8.054448809231522,1.6108897618463045,1.7866437515344955,1.0979095598345583,9,12,2155.92,-500.0
Expansion,7955,44.41231929604022,4.726587052168448,-70713.72,-8.88921684475173,-1.7778433689503457,1.7003142677561283,0.8879881844918605,14,16,1788.97,-500.0
Vol Spike,219,41.0958904109589,2.28310502283105,-3842.1799999999985,-17.544200913242,-3.5088401826484006,1.4292237442922375,0.6853851803873624,7,13,979.73,-500.0
