group,trades,win_rate,ko_rate,total_pnl,avg_pnl,roi_pct,avg_days,profit_factor,max_consec_wins,max_consec_losses,best_trade,worst_trade
Stress Rising,1462,48.63201094391245,3.3515731874145005,12687.62,8.67826265389877,1.735652530779754,1.430232558139535,1.1633984495485092,12,10,1070.01,-500.0
Healthy Expansion,3035,53.34431630971993,7.28171334431631,21941.84,7.229601317957166,1.4459202635914332,1.8490939044481054,1.082303028216131,11,10,2466.01,-500.0
Vol Spike,214,45.794392523364486,2.336448598130841,-1488.51,-6.955654205607477,-1.3911308411214953,1.2990654205607477,0.8561015528553766,7,13,653.15,-500.0
Expansion,7236,47.374239911553346,4.975124378109453,-76649.42000000001,-10.592788833609731,-2.118557766721946,1.632808181315644,0.8581321821241937,14,15,1192.64,-500.0
