regime,FVG Fill,Momentum,ORB Breakout,PDHL Breakout,VWAP Reversion
Expansion,-1.9810383653044206,-16.633666666666663,-1.412696269982238,-3.7247266435986157,-1.3596600000000003
Healthy Expansion,1.9401894339622643,5.804285714285714,2.446208242950109,2.4778253521126765,-1.640565573770492
Stress Rising,4.577151612903227,-67.212,,,-0.18488703923900113
Vol Spike,-7.806333333333333,6.073,,,-1.4312535211267603
