group,trades,win_rate,ko_rate,total_pnl,avg_pnl,roi_pct,avg_days,profit_factor,max_consec_wins,max_consec_losses,best_trade,worst_trade
Healthy Expansion,306,35.294117647058826,0.0,-68.33000000000001,-0.22330065359477128,-0.044660130718954257,1.0,0.43622112211221115,5,12,2.25,-2.87
Expansion,49,22.448979591836736,0.0,-22.970000000000002,-0.4687755102040817,-0.09375510204081633,1.0,0.25927120283779426,4,12,2.04,-2.41
