regime,FVG Fill,Momentum,ORB Breakout,PDHL Breakout,VWAP Reversion
Expansion,-1.6577874747474748,-16.633666666666663,-1.1899697885196376,-3.7567550200803215,-1.46859253375695
Healthy Expansion,1.9238921071687187,5.804285714285714,2.446208242950109,2.4778253521126765,-1.640565573770492
Stress Rising,4.406200636942675,-67.212,,,-0.22085850178359093
Vol Spike,-8.075205479452054,6.073,,,-1.4312535211267603
