group,trades,win_rate,ko_rate,total_pnl,avg_pnl,roi_pct,avg_days,profit_factor,max_consec_wins,max_consec_losses,best_trade,worst_trade
Healthy Expansion,474,32.70042194092827,0.0,-127.92,-0.269873417721519,-0.0539746835443038,1.0,0.3798118879084651,5,15,4.63,-2.97
Expansion,174,22.988505747126435,0.0,-57.56000000000001,-0.3308045977011495,-0.0661609195402299,1.0,0.3170384432842904,4,24,2.38,-2.57
