regime,ORB Breakout,PDHL Breakout
Expansion,-0.28850000000000003,-0.33599999999999997
Healthy Expansion,-0.109,-0.23533333333333337
