group,trades,win_rate,ko_rate,total_pnl,avg_pnl,roi_pct,avg_days,profit_factor,max_consec_wins,max_consec_losses,best_trade,worst_trade
Stress Rising,1471,46.22705642420122,3.467029231815092,12385.900000000001,8.420054384772264,1.6840108769544528,1.51393609789259,1.1477945136123953,9,10,1426.55,-500.0
Healthy Expansion,4073,48.12177755953842,5.867910630984532,32805.76999999999,8.054448809231522,1.6108897618463045,1.7866437515344955,1.0979095598345583,9,12,2155.92,-500.0
Expansion,7953,44.44863573494279,4.7277756821325285,-70640.48999999999,-8.882244436061862,-1.7764488872123725,1.7004903809883063,0.8880553653024118,14,16,1788.97,-500.0
Vol Spike,219,41.0958904109589,2.28310502283105,-3842.1799999999985,-17.544200913242,-3.5088401826484006,1.4292237442922375,0.6853851803873624,7,13,979.73,-500.0
