regime,FVG Fill,Momentum,ORB Breakout,PDHL Breakout,VWAP Reversion
Expansion,-1.9810383653044206,30.78,-4.605098901098902,-2.1356039603960397,-1.0193285714285714
Healthy Expansion,1.9401894339622643,28.301000000000005,-2.68525,6.261194244604316,-1.1655754716981135
Stress Rising,4.577151612903227,-55.698,,,-0.22085850178359093
Vol Spike,-7.806333333333333,,,,-1.4312535211267603
