regime,FVG Fill,Momentum,ORB Breakout,PDHL Breakout,VWAP Reversion
Expansion,-1.9810383653044206,-16.633666666666663,-1.106268156424581,-1.750184738955823,-1.0193285714285714
Healthy Expansion,1.9401894339622643,5.804285714285714,0.8248358208955223,7.390834355828221,-1.1655754716981135
Stress Rising,4.577151612903227,-67.212,,,-0.22085850178359093
Vol Spike,-7.806333333333333,6.073,,,-1.4312535211267603
