regime,FVG Fill,Momentum,ORB Breakout,PDHL Breakout,VWAP Reversion
Expansion,38.9654785675529,-25.276,-0.038528271405492545,-4.53419298245614,-2.9705671167593333
Healthy Expansion,38.9533912596401,11.721428571428572,3.189158762886598,5.831707865168539,-3.41236475409836
Stress Rising,49.71943913043478,-100.0,-4.586218181818182,-5.990039344262296,-0.4672271105826395
Vol Spike,37.270186046511625,12.1465,12.65189928057554,4.819158878504673,-2.862619718309859
