regime,FVG Fill
Expansion,1.948273928377645
Healthy Expansion,1.9476695629820049
Stress Rising,2.485971956521739
Vol Spike,1.8635093023255815
