regime,ORB Breakout,PDHL Breakout
Expansion,-0.2885,-0.07644444444444444
Healthy Expansion,-0.109,-0.044236842105263165
