group,trades,win_rate,ko_rate,total_pnl,avg_pnl,roi_pct,avg_days,profit_factor,max_consec_wins,max_consec_losses,best_trade,worst_trade
Healthy Expansion,427,33.957845433255265,0.0,-115.24000000000001,-0.26988290398126463,-0.053976580796252935,1.0,0.38089609970989585,6,17,2.25,-2.97
Expansion,174,22.988505747126435,0.0,-57.56,-0.33080459770114945,-0.06616091954022989,1.0,0.3170384432842904,4,21,2.38,-2.57
