group,trades,win_rate,ko_rate,total_pnl,avg_pnl,roi_pct,avg_days,profit_factor,max_consec_wins,max_consec_losses,best_trade,worst_trade
Healthy Expansion,521,31.861804222648754,0.0,-141.59,-0.2717658349328215,-0.0543531669865643,1.0,0.37814572444990996,6,15,4.63,-2.97
Expansion,282,23.75886524822695,0.0,-94.35,-0.3345744680851064,-0.06691489361702127,1.0,0.34126928716051114,3,18,4.58,-2.57
