group,trades,win_rate,ko_rate,total_pnl,avg_pnl,roi_pct,avg_days,profit_factor,max_consec_wins,max_consec_losses,best_trade,worst_trade
Healthy Expansion,521,31.861804222648754,0.0,-141.59,-0.2717658349328215,-0.0543531669865643,1.0,0.37814572444990996,5,16,4.63,-2.97
Expansion,412,23.78640776699029,0.0,-141.82999999999998,-0.3442475728155339,-0.06884951456310678,1.0,0.3309274459854703,4,19,4.58,-5.2
