group,trades,win_rate,ko_rate,total_pnl,avg_pnl,roi_pct,avg_days,profit_factor,max_consec_wins,max_consec_losses,best_trade,worst_trade
Healthy Expansion,352,37.215909090909086,0.0,-70.78999999999999,-0.20110795454545452,-0.0402215909090909,1.0,0.47340623372759055,5,12,2.25,-2.87
Expansion,174,22.988505747126435,0.0,-57.56,-0.33080459770114945,-0.06616091954022989,1.0,0.3170384432842904,3,15,2.38,-2.57
