group,trades,win_rate,ko_rate,total_pnl,avg_pnl,roi_pct,avg_days,profit_factor,max_consec_wins,max_consec_losses,best_trade,worst_trade
Healthy Expansion,4098,49.536359199609564,18.618838457784285,48683.84000000001,11.879902391410447,2.3759804782820892,1.5802830649097122,1.081878262983707,11,12,4932.02,-500.0
Vol Spike,465,47.31182795698925,6.666666666666667,3239.4300000000003,6.966516129032259,1.3933032258064517,1.1419354838709677,1.0729527577053581,8,13,1683.19,-500.0
Stress Rising,2906,45.18238128011012,9.256710254645562,-13134.999999999996,-4.519958706125257,-0.9039917412250513,1.1871988988300068,0.9580445803883089,8,11,2140.03,-500.0
Expansion,8362,46.627601052379816,17.63932073666587,-152367.16,-18.221377660846688,-3.6442755321693374,1.5028701267639322,0.8719776904133137,14,15,2392.41,-500.0
