group,trades,win_rate,ko_rate,total_pnl,avg_pnl,roi_pct,avg_days,profit_factor,max_consec_wins,max_consec_losses,best_trade,worst_trade
Healthy Expansion,3035,48.40197693574959,7.545304777594729,28676.9,9.448731466227349,1.8897462932454696,2.013509060955519,1.1000119483254802,10,11,2155.92,-500.0
Stress Rising,1462,46.16963064295486,3.4199726402188784,12981.970000000005,8.879596443228458,1.7759192886456914,1.5102599179206566,1.1571731385618442,9,10,1426.55,-500.0
Expansion,7237,44.02376675417991,5.098797844410667,-65769.48999999999,-9.087949426557964,-1.8175898853115928,1.74271106812215,0.8841641617728273,14,15,1788.97,-500.0
Vol Spike,214,41.1214953271028,2.336448598130841,-3826.47,-17.880700934579437,-3.5761401869158873,1.3598130841121496,0.6805786276084403,7,13,979.73,-500.0
