group,trades,win_rate,ko_rate,total_pnl,avg_pnl,roi_pct,avg_days,profit_factor,max_consec_wins,max_consec_losses,best_trade,worst_trade
Stress Rising,462,97.18614718614718,1.948051948051948,113354.70999999999,245.35651515151514,2.4535651515151513,1.077922077922078,20.78208499922341,155,2,2836.54,-500.0
Expansion,3692,95.47670639219935,2.8439869989165762,717375.49,194.30538732394365,1.9430538732394365,1.1446370530877572,12.13533181131813,146,5,2572.12,-500.0
Healthy Expansion,1952,95.4405737704918,3.2274590163934427,379231.98,194.27867827868852,1.9427867827868852,1.1301229508196722,11.24164904731259,127,5,3177.79,-500.0
Vol Spike,47,89.36170212765957,6.382978723404255,8256.02,175.66,1.7566000000000002,1.425531914893617,5.880742514262067,19,2,1197.03,-500.0
