group,trades,win_rate,ko_rate,total_pnl,avg_pnl,roi_pct,avg_days,profit_factor,max_consec_wins,max_consec_losses,best_trade,worst_trade
Healthy Expansion,521,31.861804222648754,0.0,-141.59,-0.2717658349328215,-0.0543531669865643,1.0,0.37814572444990996,7,15,4.63,-2.97
Expansion,371,24.258760107816713,0.0,-126.52000000000001,-0.34102425876010783,-0.06820485175202157,1.0,0.3389414284967867,4,17,4.58,-5.2
