group,trades,win_rate,ko_rate,total_pnl,avg_pnl,roi_pct,avg_days,profit_factor,max_consec_wins,max_consec_losses,best_trade,worst_trade
Healthy Expansion,521,31.861804222648754,0.0,-141.59,-0.2717658349328215,-0.0543531669865643,1.0,0.37814572444990996,8,13,4.63,-2.97
Expansion,571,24.69352014010508,0.0,-191.28,-0.3349912434325744,-0.06699824868651488,1.0,0.32669224541518527,4,15,4.58,-5.2
