group,trades,win_rate,ko_rate,total_pnl,avg_pnl,roi_pct,avg_days,profit_factor,max_consec_wins,max_consec_losses,best_trade,worst_trade
Healthy Expansion,521,31.861804222648754,0.0,-141.59,-0.2717658349328215,-0.0543531669865643,1.0,0.37814572444990996,6,15,4.63,-2.97
Expansion,331,24.773413897280967,0.0,-109.19999999999999,-0.32990936555891237,-0.06598187311178247,1.0,0.3563977132079919,5,15,4.58,-5.2
