group,trades,win_rate,ko_rate,total_pnl,avg_pnl,roi_pct,avg_days,profit_factor,max_consec_wins,max_consec_losses,best_trade,worst_trade
Healthy Expansion,306,35.294117647058826,0.0,-68.33,-0.22330065359477125,-0.04466013071895425,1.0,0.43622112211221115,5,11,2.25,-2.87
Expansion,174,22.988505747126435,0.0,-57.56,-0.33080459770114945,-0.06616091954022989,1.0,0.3170384432842904,4,16,2.38,-2.57
