group,trades,win_rate,ko_rate,total_pnl,avg_pnl,roi_pct,avg_days,profit_factor,max_consec_wins,max_consec_losses,best_trade,worst_trade
Stress Rising,460,97.60869565217392,1.5217391304347827,114354.70999999999,248.5971956521739,2.485971956521739,1.076086956521739,25.175602568195224,155,2,2836.54,-500.0
Expansion,3686,95.57786218122627,2.740097666847531,718133.7699999999,194.82739283776448,1.948273928377645,1.1380900705371677,12.504247288194676,146,5,2572.12,-500.0
Healthy Expansion,1945,95.62982005141389,3.033419023136247,378821.73,194.7669562982005,1.9476695629820049,1.1208226221079691,11.81469955387641,127,5,3177.79,-500.0
Vol Spike,43,93.02325581395348,6.976744186046512,8013.09,186.35093023255814,1.8635093023255815,1.0930232558139534,6.34206,19,2,1197.03,-500.0
