group,trades,win_rate,ko_rate,total_pnl,avg_pnl,roi_pct,avg_days,profit_factor,max_consec_wins,max_consec_losses,best_trade,worst_trade
Healthy Expansion,3281,75.52575434318805,2.956415726912527,389019.95999999996,118.56749771411154,23.71349954282231,1.0774154221274002,3.847038240494765,127,12,3177.79,-500.0
Expansion,7101,70.29995775242924,2.830587241233629,677761.36,95.44590339388819,19.089180678777637,1.0752006759611323,3.0317246500620914,146,15,2572.12,-500.0
Vol Spike,435,53.103448275862064,2.0689655172413794,17594.879999999997,40.44799999999999,8.089599999999999,1.0459770114942528,1.6062172577569296,19,13,1683.19,-500.0
Stress Rising,2738,52.19138056975895,3.214024835646457,74202.25,27.10089481373265,5.42017896274653,1.0131482834185537,1.367609392680138,155,11,2836.54,-500.0
