group,trades,win_rate,ko_rate,total_pnl,avg_pnl,roi_pct,avg_days,profit_factor,max_consec_wins,max_consec_losses,best_trade,worst_trade
Healthy Expansion,521,31.861804222648754,0.0,-141.59,-0.2717658349328215,-0.0543531669865643,1.0,0.37814572444990996,7,15,4.63,-2.97
Expansion,491,25.050916496945007,0.0,-159.25,-0.3243380855397149,-0.06486761710794298,1.0,0.3532732293697206,4,14,4.58,-5.2
