group,trades,win_rate,ko_rate,total_pnl,avg_pnl,roi_pct,avg_days,profit_factor,max_consec_wins,max_consec_losses,best_trade,worst_trade
Healthy Expansion,394,35.53299492385787,0.0,-98.63,-0.25032994923857865,-0.050065989847715736,1.0,0.40964865026635544,5,13,2.25,-2.97
Expansion,174,22.988505747126435,0.0,-57.56,-0.33080459770114945,-0.06616091954022989,1.0,0.3170384432842904,4,26,2.38,-2.57
