regime,FVG Fill,Momentum,ORB Breakout,PDHL Breakout,VWAP Reversion
Expansion,-2.44378273561301,30.78,-3.9584835164835166,-2.06308302354399,-1.068787012987013
Healthy Expansion,1.4350656603773584,28.301000000000005,-2.68525,6.20051798561151,-1.1655754716981135
Stress Rising,4.433406451612903,-55.698,,,-0.18488703923900113
Vol Spike,-1.3119999999999998,,,,-1.4312535211267603
