group,trades,win_rate,ko_rate,total_pnl,avg_pnl,roi_pct,avg_days,profit_factor,max_consec_wins,max_consec_losses,best_trade,worst_trade
Healthy Expansion,306,35.294117647058826,0.0,-68.33,-0.22330065359477125,-0.04466013071895425,1.0,0.4362211221122112,4,11,2.25,-2.87
Expansion,139,22.302158273381295,0.0,-47.61,-0.3425179856115108,-0.06850359712230215,1.0,0.2975804071997639,4,13,2.38,-2.57
