regime,FVG Fill,Momentum
Expansion,1.948273928377645,-1.2638
Healthy Expansion,1.9476695629820049,0.5860714285714286
Stress Rising,2.485971956521739,-5.0
Vol Spike,1.8635093023255815,0.607325
