group,trades,win_rate,ko_rate,total_pnl,avg_pnl,roi_pct,avg_days,profit_factor,max_consec_wins,max_consec_losses,best_trade,worst_trade
Healthy Expansion,521,31.861804222648754,0.0,-141.59,-0.2717658349328215,-0.0543531669865643,1.0,0.37814572444990996,6,22,4.63,-2.97
Expansion,244,24.59016393442623,0.0,-84.19,-0.3450409836065574,-0.06900819672131148,1.0,0.3300708204026418,4,19,4.58,-2.57
