group,trades,win_rate,ko_rate,total_pnl,avg_pnl,roi_pct,avg_days,profit_factor,max_consec_wins,max_consec_losses,best_trade,worst_trade
Healthy Expansion,521,31.861804222648754,0.0,-141.59,-0.2717658349328215,-0.0543531669865643,1.0,0.3781457244499099,7,19,4.63,-2.97
Expansion,712,24.578651685393258,0.0,-244.86,-0.3439044943820225,-0.0687808988764045,1.0,0.3137524172528797,5,17,4.58,-5.2
