group,trades,win_rate,ko_rate,total_pnl,avg_pnl,roi_pct,avg_days,profit_factor,max_consec_wins,max_consec_losses,best_trade,worst_trade
Healthy Expansion,521,31.861804222648754,0.0,-141.58999999999997,-0.27176583493282147,-0.05435316698656428,1.0,0.37814572444990996,5,24,4.63,-2.97
Expansion,174,22.988505747126435,0.0,-57.559999999999995,-0.3308045977011494,-0.06616091954022987,1.0,0.3170384432842904,5,16,2.38,-2.57
